chr,start,ref,alt,driver,sequence,altered_seq,diff,t,p_value
chr4,775698,TCGGCCCACCTAGCATGCGC,-,1,CCACACGTGAGCCTCTAGGAGCCAATCATGTCGGCCCACCTAGCATGCGCTGATTGGCTC,CCACACGTGAGCCTCTAGGAGCCAATCATGTGATTGGCTC,-2.5633301497706373,-3.5720497392328787,0.00035419811711921446
chr4,775701,GCCCACCTAGCAT,-,1,CACGTGAGCCTCTAGGAGCCAATCATGTCGGCCCACCTAGCATGCGCTGATTGGCTCAGG,CACGTGAGCCTCTAGGAGCCAATCATGTCGGCGCTGATTGGCTCAGG,-1.5385451743967762,-2.339755638421875,0.019296360656810698
chr4,775704,C,T,1,GTGAGCCTCTAGGAGCCAATCATGTCGGCCCACCTAGCATGCGCTGATTGGCTCAGGCTG,GTGAGCCTCTAGGAGCCAATCATGTCGGCCTACCTAGCATGCGCTGATTGGCTCAGGCTG,-1.9859295645136934,-5.655713405686324,1.5520025586304236e-08
chr4,775709,A,G,1,CCTCTAGGAGCCAATCATGTCGGCCCACCTAGCATGCGCTGATTGGCTCAGGCTGGCCAG,CCTCTAGGAGCCAATCATGTCGGCCCACCTGGCATGCGCTGATTGGCTCAGGCTGGCCAG,-0.5793353718556276,-2.145288593824147,0.031929779900658845
chr5,1295142,G,A,1,TGGCCGGGGCCAGGGCTTCCCACGTGCGCAGCAGGACGCAGCGCTGCCTGAAACTCGCGC,TGGCCGGGGCCAGGGCTTCCCACGTGCGCAACAGGACGCAGCGCTGCCTGAAACTCGCGC,-1.1524339654976234,-2.6657697577869657,0.0076812279205844955
chr5,1295160,T,G,1,CCCACGTGCGCAGCAGGACGCAGCGCTGCCTGAAACTCGCGCCGCGAGGAGAGGGCGGGG,CCCACGTGCGCAGCAGGACGCAGCGCTGCCGGAAACTCGCGCCGCGAGGAGAGGGCGGGG,0.7863960063993132,2.0516575932246623,0.04020295076191422
chr5,1295227,G,A,1,AAGGAAGGGGAGGGGCTGGGAGGGCCCGGAGGGGGCTGGGCCGGGGACCCGGGAGGGGTC,AAGGAAGGGGAGGGGCTGGGAGGGCCCGGAAGGGGCTGGGCCGGGGACCCGGGAGGGGTC,-2.0456159835219054,-3.839139940936779,0.00012346604737917036
chr5,1295227,GG,AA,1,AAGGAAGGGGAGGGGCTGGGAGGGCCCGGAGGGGGCTGGGCCGGGGACCCGGGAGGGGTC,AAGGAAGGGGAGGGGCTGGGAGGGCCCGGAAAGGGGCTGGGCCGGGGACCCGGGAGGGGTC,-2.1852509011482697,-4.699290948074656,2.6106630489819175e-06
chr5,1295249,G,A,1,GGCCCGGAGGGGGCTGGGCCGGGGACCCGGGAGGGGTCGGGACGGGGCGGGGTCCGCGCG,GGCCCGGAGGGGGCTGGGCCGGGGACCCGGAAGGGGTCGGGACGGGGCGGGGTCCGCGCG,1.0039823337437315,1.9649340859834956,0.04942186696648489
chr5,1295252,G,A,1,CCGGAGGGGGCTGGGCCGGGGACCCGGGAGGGGTCGGGACGGGGCGGGGTCCGCGCGGAG,CCGGAGGGGGCTGGGCCGGGGACCCGGGAGAGGTCGGGACGGGGCGGGGTCCGCGCGGAG,0.6663834898847328,2.001854847362354,0.04530034505564941
chr16,3788557,A,C,1,TACTAGTTCCAAATAATTTAATCCAAACTCACCCTAATTTCTTCACATACTCTAAATATC,TACTAGTTCCAAATAATTTAATCCAAACTCCCCCTAATTTCTTCACATACTCTAAATATC,1.5834672796494342,3.4953548060627844,0.0004734319550030963
chr17,7576926,C,A,1,GGGGAGAGGAGCTGGTGTTGTTGGGCAGTGCTAGGAAAGAGGCAAGGAAAGGTGATAAAA,GGGGAGAGGAGCTGGTGTTGTTGGGCAGTGATAGGAAAGAGGCAAGGAAAGGTGATAAAA,-0.6769442210153708,-2.3024122081552356,0.02131193715646648
chr17,7577156,T,C,1,CAAAGCTGTTCCGTCCCAGTAGATTACCACTACTCAGGATAGGAAAAGAGAAGCAAGAGG,CAAAGCTGTTCCGTCCCAGTAGATTACCACCACTCAGGATAGGAAAAGAGAAGCAAGAGG,1.4763052000613794,2.6728213957377673,0.007521628492405622
chr17,7579310,C,A,1,TCATGGAAGCCAGCCCCTCAGGGCAACTGACCGTGCAAGTCACAGACTTGGCTGTCCCAG,TCATGGAAGCCAGCCCCTCAGGGCAACTGAACGTGCAAGTCACAGACTTGGCTGTCCCAG,-2.0958255747630057,-2.9590771777022953,0.0030856181368774187
chr17,7579591,T,A,1,TCATCCATTGCTTGGGACGGCAAGGGGGACTGTAGATGGGTGAAAAGAGCAGTCAGAGGA,TCATCCATTGCTTGGGACGGCAAGGGGGACAGTAGATGGGTGAAAAGAGCAGTCAGAGGA,0.5878312666906502,2.123696105148157,0.033695563290722125
chr17,7579698,C,A,1,TCCAGGTCCCCAGCCCAACCCTTGTCCTTACCAGAACGTTGTTTTCAGGAAGTCTGAAAG,TCCAGGTCCCCAGCCCAACCCTTGTCCTTAACAGAACGTTGTTTTCAGGAAGTCTGAAAG,-1.0856373298819535,-3.1300611981873177,0.0017476988922415437
chr17,7590844,GGAGGGGAAAACCCCAA,-,1,AAAACTTTTAGCGCCAGTCTTGAGCACATGGGAGGGGAAAACCCCAATCCCATCAACCCC,AAAACTTTTAGCGCCAGTCTTGAGCACATGTCCCATCAACCCC,1.2496751879681596,2.4839328112444625,0.012994032227947941
chr17,7590844,GGAGGGGAAAACCCCAATCCCATCAACCCCT,-,1,AAAACTTTTAGCGCCAGTCTTGAGCACATGGGAGGGGAAAACCCCAATCCCATCAACCCC,AAAACTTTTAGCGCCAGTCTTGAGCACATG,1.7489508644916305,2.644018880661844,0.008192808604178179
chr17,8076894,C,T,1,CCTCCGGAGGAGGAACAGGTAAGGATTATCCCACCTGACGATACAGACAAACAGCCGACA,CCTCCGGAGGAGGAACAGGTAAGGATTATCTCACCTGACGATACAGACAAACAGCCGACA,-1.142082670810451,-4.355458189561013,1.3278886228626297e-05
chr3,10183871,G,T,1,GCACGGGCCGCCGCATCCACAGCTACCGAGGTACGGGCCCGGCGCTTAGGCCCGACCCAG,GCACGGGCCGCCGCATCCACAGCTACCGAGTTACGGGCCCGGCGCTTAGGCCCGACCCAG,1.0020276177626242,2.216993996674349,0.026623501769931716
chr19,10906046,G,C,1,CCATGCATGTGCTTGGTTTGTCTCTTCTCAGATGGAGTTTGACGAGAAGGACTTACGACG,CCATGCATGTGCTTGGTTTGTCTCTTCTCACATGGAGTTTGACGAGAAGGACTTACGACG,-0.8343362296367467,-2.0594564112707268,0.03945053654331898
chr3,16554315,G,T,1,CTTACAGAAGAGGAGATCCCCGTTTTCAGTGCTGGGGACTCTCGGCACCCGCGTCCCTGT,CTTACAGAAGAGGAGATCCCCGTTTTCAGTTCTGGGGACTCTCGGCACCCGCGTCCCTGT,-0.716804745523335,-2.597192454662088,0.009398924598634985
chr3,16554600,C,A,1,GACCCACCTGTAGCCTCCAAGCTCCCCCACCTCTGCGTCCTTCCTAGGCGCTTCTGAGCC,GACCCACCTGTAGCCTCCAAGCTCCCCCACATCTGCGTCCTTCCTAGGCGCTTCTGAGCC,-0.5272900528316069,-2.02012200837538,0.04337073351325972
chr3,16554600,C,T,1,GACCCACCTGTAGCCTCCAAGCTCCCCCACCTCTGCGTCCTTCCTAGGCGCTTCTGAGCC,GACCCACCTGTAGCCTCCAAGCTCCCCCACTTCTGCGTCCTTCCTAGGCGCTTCTGAGCC,-0.4661287181850181,-2.129332857749405,0.03322673115305717
chr3,16554695,C,T,1,GTGCCTCTCCCTACATCGCTCCAGGAATGACTCCCCTACACCCGTTCCCCGCAAAAAAAA,GTGCCTCTCCCTACATCGCTCCAGGAATGATTCCCCTACACCCGTTCCCCGCAAAAAAAA,-0.8750306311558973,-2.109609209117337,0.034892030464558355
chr3,16554860,CC,TT,1,GCAGGGAGGCGCCACGCGCGGTTCCCACTACCCGCCAGAGACCCGGTCCATGGGGCCAAA,GCAGGGAGGCGCCACGCGCGGTTCCCACTATTCCGCCAGAGACCCGGTCCATGGGGCCAAA,0.9780230783890762,2.0277162514506237,0.04258921603502638
chr3,16555403,G,C,1,AGTTCCGCCCGGTCACCTCCACGCGGCCGAGCTGCAAGCGACCCTGGCAGCCTCAGAACC,AGTTCCGCCCGGTCACCTCCACGCGGCCGACCTGCAAGCGACCCTGGCAGCCTCAGAACC,1.0962150964066664,2.07865276783234,0.03764927716667338
chr14,20811242,G,C,1,TTTTTTTTTTTTCCAAAAATGGGCGGAGGAGAGTAGTCTGAATTGGGTTATGAGGTCCCC,TTTTTTTTTTTTCCAAAAATGGGCGGAGGACAGTAGTCTGAATTGGGTTATGAGGTCCCC,1.269043817770246,2.816077920395837,0.004861387441414888
chr9,21968241,C,T,1,AGCCTCTCTGGTTCTTTCAATCGGGGATGTCTGCAGAGGGCAGAAAGAAAACAGGCGTTA,AGCCTCTCTGGTTCTTTCAATCGGGGATGTTTGCAGAGGGCAGAAAGAAAACAGGCGTTA,-1.3238074864863882,-3.031160702774629,0.0024361554955026356
chr1,27056140,G,T,1,TCAGGTTAATGAAATGCTCTTTATTTTGTAGCCATCCAGTCCAATGGATCAGATGGGCAA,TCAGGTTAATGAAATGCTCTTTATTTTGTATCCATCCAGTCCAATGGATCAGATGGGCAA,-1.3357858615333662,-2.66813165840624,0.007627436232991701
chr3,33661092,A,T,1,GGCAGCAGTAGAAAACGAGAGAGCAAACCTACCCGAATGATAAATCTGATTGCTGCACAT,GGCAGCAGTAGAAAACGAGAGAGCAAACCTTCCCGAATGATAAATCTGATTGCTGCACAT,1.0552105848853326,2.1325940045736558,0.03295804557448265
chr9,35657768,C,G,1,GAACAAAAAACAGCCGCGCTGAGAATGAGCCCCGTGTGGTTGGTGCGCGGACACGCACTG,GAACAAAAAACAGCCGCGCTGAGAATGAGCGCCGTGTGGTTGGTGCGCGGACACGCACTG,1.863094272341276,3.430686449841738,0.0006020560657683968
chr9,35657807,-,T,1,TTGGTGCGCGGACACGCACTGCCTGCGTAACTAGAGGGAGCTGACGGATGACGCCCCCGC,TTGGTGCGCGGACACGCACTGCCTGCGTAACTTAGAGGGAGCTGACGGATGACGCCCCCGC,-0.776587670470221,-2.450226566255552,0.0142766350147751
chr9,35657880,T,C,1,GCGGGATACGCTTCTTGGCGGACTTTGGAGTGGGAAGCGGGGAATGTCTACGTGCGTATG,GCGGGATACGCTTCTTGGCGGACTTTGGAGCGGGAAGCGGGGAATGTCTACGTGCGTATG,1.0239029748642734,3.2087021739817696,0.0013333552963527325
chr9,35658030,-,AGA,1,CCTTCAGCACGAACCACGTCCTCAGCTTCACAGAGTAGTATTTTATAGCCCTAAAGAAAT,CCTTCAGCACGAACCACGTCCTCAGCTTCACAGAAGAGTAGTATTTTATAGCCCTAAAGAAAT,0.6677454221799404,2.078781146773436,0.03763747051678034
chr9,35658032,G,A,1,TTCAGCACGAACCACGTCCTCAGCTTCACAGAGTAGTATTTTATAGCCCTAAAGAAATTG,TTCAGCACGAACCACGTCCTCAGCTTCACAAAGTAGTATTTTATAGCCCTAAAGAAATTG,0.7646669483739872,2.763734526724271,0.00571440102253573
chr9,35658041,T,A,1,AACCACGTCCTCAGCTTCACAGAGTAGTATTTTATAGCCCTAAAGAAATTGTGTTTTATG,AACCACGTCCTCAGCTTCACAGAGTAGTATATTATAGCCCTAAAGAAATTGTGTTTTATG,-1.1563045854095182,-2.650021537498144,0.00804866398031019
chr14,38060229,C,-,1,TCTTCCTTTTTTGTTTTTTTAAATAACCCTCCACAAACTAGAATGTCTGGAGGGGAAAGA,TCTTCCTTTTTTGTTTTTTTAAATAACCCTCACAAACTAGAATGTCTGGAGGGGAAAGA,-0.649730057913823,-2.5278376516467223,0.01147674081483122
chr17,41223255,C,T,1,TGATTCCAGATTCCAGGTAAGGGGTTCCCTCTGAAAGGAATGGGAGAAGTTTAATTTACA,TGATTCCAGATTCCAGGTAAGGGGTTCCCTTTGAAAGGAATGGGAGAAGTTTAATTTACA,-1.5406351311643314,-4.635018789790344,3.5690505938084884e-06
chrX,44966653,G,A,1,CTGGTCACAAATAATTTCTCCCCCACAATAGGTATTGTCTTCTAAGAACTCTGAAGCAAT,CTGGTCACAAATAATTTCTCCCCCACAATAAGTATTGTCTTCTAAGAACTCTGAAGCAAT,-0.889403519860156,-2.219090530761475,0.026480566131370925
chrX,44969322,G,A,1,ATTGAATACGTTTTTCTCTTGTATAAAACAGGTGGAGGTTTTTGATCTGCTTTTTGTCAC,ATTGAATACGTTTTTCTCTTGTATAAAACAAGTGGAGGTTTTTGATCTGCTTTTTGTCAC,-1.475773225798712,-3.2802098143123577,0.0010372991302338797
chr3,47147484,A,C,1,TGTTTCAAGGCAAACATATCCAAGCTGCTTACCTCATCATTCTTCAGGGCCATGAAATAG,TGTTTCAAGGCAAACATATCCAAGCTGCTTCCCTCATCATTCTTCAGGGCCATGAAATAG,0.6150160319056575,2.0192195051189303,0.043464409892427995
chr13,48916733,G,A,1,GAAATATTTGATCTTTATTTTTTGTTCCCAGGGAGGTTATATTCAAAAGAAAAAGGAACT,GAAATATTTGATCTTTATTTTTTGTTCCCAAGGAGGTTATATTCAAAAGAAAAAGGAACT,0.8662459505785909,2.3115559823240965,0.020802164729498963
chr17,48939914,GCT,-,1,ACAATTTCAGTAAAAAAAATACAACATGAAGCTGCTGCTGTCACAGATCACTGTAGTAAA,ACAATTTCAGTAAAAAAAATACAACATGAAGCTGCTGTCACAGATCACTGTAGTAAA,-1.4504528891006705,-9.38988068294308,6.006826473271705e-21
chr13,48953727,A,G,1,AGGCTCTTATTTTTCTTTTTGTTTGTTTGTAGCGATACAAACTTGGAGTTCGCTTGTATT,AGGCTCTTATTTTTCTTTTTGTTTGTTTGTGGCGATACAAACTTGGAGTTCGCTTGTATT,1.818061513153025,5.679022663038078,1.3546653207334687e-08
chr12,49421584,C,T,1,ACACCCACCCCTTTTTCTCCCCCAGACCTACCTGTTTCAGGAGGCTCAAGATGTCTAGTT,ACACCCACCCCTTTTTCTCCCCCAGACCTATCTGTTTCAGGAGGCTCAAGATGTCTAGTT,0.7150623793257344,2.25224000124827,0.02430710943622811
chr12,49435698,C,T,1,CCACGCTAATCCATGCTCCTTTCTGCCTCACCAGGTAGGGGGCTTTGTCAGCTGCTGGAA,CCACGCTAATCCATGCTCCTTTCTGCCTCATCAGGTAGGGGGCTTTGTCAGCTGCTGGAA,-1.5553592127854283,-2.9071406264904414,0.0036474918282996564
chr12,49437144,C,A,1,GACAGGACACAGTAACCCCGGCAGCCCTCACCTGGTGTATCGGCTTTGCCCTCGAGGCCA,GACAGGACACAGTAACCCCGGCAGCCCTCAACTGGTGTATCGGCTTTGCCCTCGAGGCCA,-0.7495082526387356,-3.09335418763703,0.001979077805853733
chr18,50848527,G,A,1,CTGCAGAGACTCCAGAGAATGATCTAGATGGTAAGACTTTTTCCCAGTTACTATCACTCT,CTGCAGAGACTCCAGAGAATGATCTAGATGATAAGACTTTTTCCCAGTTACTATCACTCT,-1.2985189869254565,-2.4006985805114223,0.01636380930149424
chr3,52441333,T,A,1,GCTTCTCAGGGAGGTGGCGTGGCTCGGGCCTGGGGAAAAACAGAGTCAGGGCCCAAAAAA,GCTTCTCAGGGAGGTGGCGTGGCTCGGGCCAGGGGAAAAACAGAGTCAGGGCCCAAAAAA,1.068626915969359,3.6516028554000948,0.0002606086839603425
chr17,56440010,T,C,1,GTCATTAGGATCCACACATCATAATCTGGCTGGGGAGTGAGCAGAGAGGGAAAGGGTCAT,GTCATTAGGATCCACACATCATAATCTGGCCGGGGAGTGAGCAGAGAGGGAAAGGGTCAT,0.8572302154699665,2.5557984260670756,0.010594447159227539
chr17,56440767,C,A,1,TGGCCAGGTCAGCCCCAGCGGCTGCTGCAGCTACAGGGGGAAAGTGCCCACAGGGCTGCT,TGGCCAGGTCAGCCCCAGCGGCTGCTGCAGATACAGGGGGAAAGTGCCCACAGGGCTGCT,-0.6724203124226062,-2.4530753997306,0.014164064597968231
chr11,64574481,C,A,1,TCCCTTCTGCACCCTCCTTAGATGCCCCCACCTTGTGGTAGAGGGTGAGTGGGTCTGGCC,TCCCTTCTGCACCCTCCTTAGATGCCCCCAACTTGTGGTAGAGGGTGAGTGGGTCTGGCC,-1.5671788737790084,-5.823246148121916,5.771545279443242e-09
chr5,67591245,A,G,1,TAATGCGTTCTCTTTTCAAAACTGTTTTTCAGGTGGTTGACTCAAAAAGGTGTTCGGCAA,TAATGCGTTCTCTTTTCAAAACTGTTTTTCGGGTGGTTGACTCAAAAAGGTGTTCGGCAA,-1.4906494135676853,-4.039732424267812,5.351221566823151e-05
chr5,67591245,A,T,1,TAATGCGTTCTCTTTTCAAAACTGTTTTTCAGGTGGTTGACTCAAAAAGGTGTTCGGCAA,TAATGCGTTCTCTTTTCAAAACTGTTTTTCTGGTGGTTGACTCAAAAAGGTGTTCGGCAA,0.9133768210432549,2.3019925174749556,0.02133559415006564
chr16,68856128,G,A,1,CCAACTGGACCATTCAGTACAACGACCCAAGTGGGTACCTGAGTTTTATTTTGGCAACTT,CCAACTGGACCATTCAGTACAACGACCCAAATGGGTACCTGAGTTTTATTTTGGCAACTT,-0.5892264474663991,-2.474190287129032,0.01335385493440041
chr10,70508891,GC,TT,1,GCTAAACGTTTTTTTCTTTTATCTTTTAAAGCTGGTTTATTGCAGCCTCCTGTTCGTATA,GCTAAACGTTTTTTTCTTTTATCTTTTAAATTCTGGTTTATTGCAGCCTCCTGTTCGTATA,0.7170900847770374,2.4113371704831597,0.015894147222690672
chr5,86642487,G,C,1,ATTTATATATCTAATTTATTCTCTTTTTAAGATGGTTCCATGGGAAGATTTCCAAACAGG,ATTTATATATCTAATTTATTCTCTTTTTAACATGGTTCCATGGGAAGATTTCCAAACAGG,-1.179973454766063,-2.4194200555323837,0.015545277336822764
chr7,86866358,T,A,1,TCCCTTGGTATATTATGTGTCTGGCTAGAATTGTGGTGCCCTCTCGTGGACATTTTCAGT,TCCCTTGGTATATTATGTGTCTGGCTAGAAATGTGGTGCCCTCTCGTGGACATTTTCAGT,-0.9506028377524784,-2.856245375123045,0.004286836935747208
chr7,86866361,T,C,1,CTTGGTATATTATGTGTCTGGCTAGAATTGTGGTGCCCTCTCGTGGACATTTTCAGTATT,CTTGGTATATTATGTGTCTGGCTAGAATTGCGGTGCCCTCTCGTGGACATTTTCAGTATT,-1.136925754778574,-2.4065686607787664,0.016103176688598758
chr7,86866370,C,T,1,TTATGTGTCTGGCTAGAATTGTGGTGCCCTCTCGTGGACATTTTCAGTATTACAAGAGCC,TTATGTGTCTGGCTAGAATTGTGGTGCCCTTTCGTGGACATTTTCAGTATTACAAGAGCC,-3.090293089578249,-6.340214448680043,2.2944556391219237e-10
chr7,86866371,T,A,1,TATGTGTCTGGCTAGAATTGTGGTGCCCTCTCGTGGACATTTTCAGTATTACAAGAGCCA,TATGTGTCTGGCTAGAATTGTGGTGCCCTCACGTGGACATTTTCAGTATTACAAGAGCCA,-2.4237782799962857,-5.7736884602409475,7.755477252125978e-09
chr7,86866371,T,C,1,TATGTGTCTGGCTAGAATTGTGGTGCCCTCTCGTGGACATTTTCAGTATTACAAGAGCCA,TATGTGTCTGGCTAGAATTGTGGTGCCCTCCCGTGGACATTTTCAGTATTACAAGAGCCA,-3.278639667074591,-6.091984959942945,1.1151916398777917e-09
chr7,86866371,T,G,1,TATGTGTCTGGCTAGAATTGTGGTGCCCTCTCGTGGACATTTTCAGTATTACAAGAGCCA,TATGTGTCTGGCTAGAATTGTGGTGCCCTCGCGTGGACATTTTCAGTATTACAAGAGCCA,-1.7576729973943994,-2.8708054590841043,0.00409427411851742
chr7,86866382,TT,GC,1,CTAGAATTGTGGTGCCCTCTCGTGGACATTTTCAGTATTACAAGAGCCATAATTTTCTTC,CTAGAATTGTGGTGCCCTCTCGTGGACATTGCTCAGTATTACAAGAGCCATAATTTTCTTC,0.7045495716287657,2.209312651542983,0.027152901812718795
chr7,86866383,T,C,1,TAGAATTGTGGTGCCCTCTCGTGGACATTTTCAGTATTACAAGAGCCATAATTTTCTTCC,TAGAATTGTGGTGCCCTCTCGTGGACATTTCCAGTATTACAAGAGCCATAATTTTCTTCC,1.2904844697002034,4.222249724886461,2.4187590813829006e-05
chr10,89711872,A,G,1,AATTTGGCTTCTCTTTTTTTTCTGTCCACCAGGGAGTAACTATTCCCAGTCAGAGGCGCT,AATTTGGCTTCTCTTTTTTTTCTGTCCACCGGGGAGTAACTATTCCCAGTCAGAGGCGCT,-1.6841621518781258,-5.010851821611794,5.41896297202236e-07
chr10,89711872,A,T,1,AATTTGGCTTCTCTTTTTTTTCTGTCCACCAGGGAGTAACTATTCCCAGTCAGAGGCGCT,AATTTGGCTTCTCTTTTTTTTCTGTCCACCTGGGAGTAACTATTCCCAGTCAGAGGCGCT,-0.8935141165357161,-3.1075374294117646,0.0018865309449527692
chr10,89711873,G,A,1,ATTTGGCTTCTCTTTTTTTTCTGTCCACCAGGGAGTAACTATTCCCAGTCAGAGGCGCTA,ATTTGGCTTCTCTTTTTTTTCTGTCCACCAAGGAGTAACTATTCCCAGTCAGAGGCGCTA,-1.566039294442751,-5.779333434621633,7.499716164694103e-09
chr12,99042402,G,A,1,GTTGTATACTAAACTACTTAATTTTTTTTAGCCCACTCAACAGCAAAGAGCAGCTATGCT,GTTGTATACTAAACTACTTAATTTTTTTTAACCCACTCAACAGCAAAGAGCAGCTATGCT,-1.0402194226002273,-2.314729423622992,0.020627744455959645
chr13,103506105,G,T,1,AAGTGAGATCTTACATCCTTTCTTCTCATAGGTGAAGAGAAGGCAGAGAAAGGACTTAGC,AAGTGAGATCTTACATCCTTTCTTCTCATATGTGAAGAGAAGGCAGAGAAAGGACTTAGC,-1.0216444970690362,-2.019223190930813,0.043464026971956025
chr12,121842729,A,C,1,TGAACCTTGAGGCCATTTGAAAATCCTGGCACTGTGCCAGAAAGAGAGCTGGGCTGCTGC,TGAACCTTGAGGCCATTTGAAAATCCTGGCCCTGTGCCAGAAAGAGAGCTGGGCTGCTGC,-1.5345310304141828,-5.670865375943017,1.420780128653626e-08
chr9,135778174,C,G,1,GTCCTTCTCTTGTAACTTCAACTGATCTTTCTAGCAGAGACCAGAAATGTCATCATTTTA,GTCCTTCTCTTGTAACTTCAACTGATCTTTGTAGCAGAGACCAGAAATGTCATCATTTTA,0.7154608787350246,2.042210401168904,0.04113066518781135
chr4,187584768,T,C,1,GTCCAGTCGATCTGACGTCTCTATGACACCTACAGAGAAAAAAGAAAAGCGTAAAGCAGC,GTCCAGTCGATCTGACGTCTCTATGACACCCACAGAGAAAAAAGAAAAGCGTAAAGCAGC,-0.9891532596964414,-2.9750357930988343,0.0029295436348704866
chr3,193853960,A,G,1,GGGATCACACAGGATCCGGAGCTGGTGCTGATAACAGCGGAATCCCCCGTCTACCTCTCT,GGGATCACACAGGATCCGGAGCTGGTGCTGGTAACAGCGGAATCCCCCGTCTACCTCTCT,1.616176676142285,5.0453100140987575,4.5278660907462524e-07
chr2,203383542,A,G,1,TTAATACCTTGCTTTCTTTAAAACACTTGCAGCTGATTGGCCGAGGTCGATATGGAGCAG,TTAATACCTTGCTTTCTTTAAAACACTTGCGGCTGATTGGCCGAGGTCGATATGGAGCAG,0.7886746221217127,1.9779340685558198,0.04793614499600644
chr16,731864,C,T,0,CGACAGCCACGTCCGGGCCCAGCAGGCCTGCATTGAGGCCAAGCACGTGAGGGTGCCCCC,CGACAGCCACGTCCGGGCCCAGCAGGCCTGTATTGAGGCCAAGCACGTGAGGGTGCCCCC,-0.7674981288459121,-2.0139993365422693,0.04400960314626657
chr19,20158371,G,A,0,AGTAGCTGGATTAGAGGCACGCACCACCACGCCTGGCTAATTTTTGTATTTTTACTAGAG,AGTAGCTGGATTAGAGGCACGCACCACCACACCTGGCTAATTTTTGTATTTTTACTAGAG,1.0462309189045467,3.4567687895315986,0.0005466936918559743
chr2,75889395,T,C,0,GACTTTTATTTCTACATTCATGATAGATACTGCTGGTATTTTCTCATGATGTCTTTTGCA,GACTTTTATTTCTACATTCATGATAGATACCGCTGGTATTTTCTCATGATGTCTTTTGCA,-2.545868407329748,-6.18032030762734,6.397167347084165e-10
chr19,37753475,G,C,0,CCCTGGATCCTCCTGGAATCCCTGATCCCTGTTGCTCCCTGGCGGAGTTTTCTAGTCCCT,CCCTGGATCCTCCTGGAATCCCTGATCCCTCTTGCTCCCTGGCGGAGTTTTCTAGTCCCT,1.4747034877688876,2.845447590535414,0.004434905686565464
chr2,10922898,G,T,0,ATCGCTTGAACCTGGGAGGCGGAGGTTGCAGTGAGCTGAGATCACGCCACTACACTCCAG,ATCGCTTGAACCTGGGAGGCGGAGGTTGCATTGAGCTGAGATCACGCCACTACACTCCAG,0.8665347639167811,2.3426987873977088,0.019144832236390907
chr1,153067621,T,G,0,TTGATCCTGTTCAAGCCTGAAATTTTCTGCTCCACCTCTTTCTCTTGCAGAAACCCAGAT,TTGATCCTGTTCAAGCCTGAAATTTTCTGCGCCACCTCTTTCTCTTGCAGAAACCCAGAT,1.4057274485463394,3.8795400163845453,0.00010465418388895501
chr1,75327939,G,C,0,CAAAACCATTTTTCCCTACTAGGCTTCCAGGCCTATGATGGGAGGGGCTGCCACAAAGGT,CAAAACCATTTTTCCCTACTAGGCTTCCAGCCCTATGATGGGAGGGGCTGCCACAAAGGT,-1.1960551279231557,-2.6819406654149076,0.0073196440998176
chr15,91469553,C,T,0,AAAAAATAGATAGCTGGGCGCGGTGGCTCACCCCTGTAATCCCAGCACTTTGGGAGGCCG,AAAAAATAGATAGCTGGGCGCGGTGGCTCATCCCTGTAATCCCAGCACTTTGGGAGGCCG,-1.0346908069804306,-2.4769762581521784,0.013250071559887111
chr6,31654850,A,G,0,CACATGAATGAGGGGAAACGTGCAAGAGGAACAGTGGTGAGAAGGGGGATGGTCCCCCAC,CACATGAATGAGGGGAAACGTGCAAGAGGAGCAGTGGTGAGAAGGGGGATGGTCCCCCAC,-1.1687573369354873,-2.674601762785683,0.0074818065736337765
chr20,44519145,C,T,0,AAGAGATGGCTGTAGAGCCCTGGCCGGCTGCGGCCCACCAGGCGGTCCCGGGGAATGCGA,AAGAGATGGCTGTAGAGCCCTGGCCGGCTGTGGCCCACCAGGCGGTCCCGGGGAATGCGA,-0.7380762145887803,-2.4869315039084974,0.012885020466866823
chr8,23177540,G,A,0,CCACCAGCACCTCCACTCGGCCCTCGTAGGGATTGCGGCCGCCGTTCAGGCGCAGCTGCA,CCACCAGCACCTCCACTCGGCCCTCGTAGGAATTGCGGCCGCCGTTCAGGCGCAGCTGCA,0.7470544781359473,2.9270066755686193,0.00342241534715748
chr3,186508169,C,G,0,AAAGAGCCACTCTGACAGGCAGCAAATACTCCATCAATTTTCTCAGCTGGTATTACCTAG,AAAGAGCCACTCTGACAGGCAGCAAATACTGCATCAATTTTCTCAGCTGGTATTACCTAG,1.0517675629936265,2.1151676530546726,0.03441566080756264
chr12,93092926,C,T,0,CAAGACCAGCCTGACCAACATGGTGAAATCCCGTCTCTACTAAAAATACAAAATCAGCCG,CAAGACCAGCCTGACCAACATGGTGAAATCTCGTCTCTACTAAAAATACAAAATCAGCCG,0.8601819986069442,2.5090452169458333,0.01210579870550795
chr2,177475507,T,C,0,CTCTTGGAAAATTTTTTAAAAAGCTAACCTTCCACAAGAGATAGTTTGAGAAGCTCTTCT,CTCTTGGAAAATTTTTTAAAAAGCTAACCTCCCACAAGAGATAGTTTGAGAAGCTCTTCT,-1.267446169448642,-2.653268814095871,0.007971635734583487
chr7,144610822,T,A,0,AATTCATAAAATAGGGCAACAGCACCTGCCTTACAGGGTCTCTGGGAGGGTTTTAGATAA,AATTCATAAAATAGGGCAACAGCACCTGCCATACAGGGTCTCTGGGAGGGTTTTAGATAA,1.0643969482989613,2.8362178328236323,0.0045651297553230335
chr7,100856218,C,A,0,ATTGGGGACGTAGTTTCCCAGGTAGTTGAGCTGCAGCTGTTGGGGACAGACTGAGGCTGA,ATTGGGGACGTAGTTTCCCAGGTAGTTGAGATGCAGCTGTTGGGGACAGACTGAGGCTGA,-1.0380530411386322,-3.430166569181477,0.0006032108286617685
chr11,36881406,C,T,0,CTCGGCCTCGCAAAGTGCTGGGATTATAGGCGTGAGCCACTGCACCCAGCCATGAGAATG,CTCGGCCTCGCAAAGTGCTGGGATTATAGGTGTGAGCCACTGCACCCAGCCATGAGAATG,0.9935834006372224,3.032683239647436,0.002423898862785152
chr10,57878805,G,T,0,ACGGTTCTACATTTATATAGTCCTTGATTAGGTGGTAATAATGGTTGTCAGATAAAGCCA,ACGGTTCTACATTTATATAGTCCTTGATTATGTGGTAATAATGGTTGTCAGATAAAGCCA,-2.072959232507398,-4.3944529267309145,1.1105206357350825e-05
chr3,191117427,G,A,0,GATGATCTCGATGTCCTGACCTCATGATCCGCCTGCCTCGGCCTCCCAAAGTGCTGGGAT,GATGATCTCGATGTCCTGACCTCATGATCCACCTGCCTCGGCCTCCCAAAGTGCTGGGAT,1.107177223170806,2.6231013739397095,0.00871333422591741
chr7,15874174,C,G,0,GCACAGAAATTAAATCAAGAACAGAAATGGCCACATGCAGATGCTTTCAAGGGCTGTACA,GCACAGAAATTAAATCAAGAACAGAAATGGGCACATGCAGATGCTTTCAAGGGCTGTACA,-1.6889140854258295,-6.0619799820862506,1.3445595230223336e-09
chrX,108986252,C,A,0,CTCAAATTATTATTAAAAAGAAATAAACTGCATCGAAAGAATGAAGCAAAAGATTGTAAA,CTCAAATTATTATTAAAAAGAAATAAACTGAATCGAAAGAATGAAGCAAAAGATTGTAAA,-1.247883129758224,-3.088195404925457,0.0020137601114873396
chr2,113940399,A,C,0,CTCACACACCTGGGGAGCCCCTCTGCCCAGAGGGAGCACAGGCAGAACACAGCATCACCA,CTCACACACCTGGGGAGCCCCTCTGCCCAGCGGGAGCACAGGCAGAACACAGCATCACCA,-2.3765882267052625,-8.732127941188065,2.499252784767209e-18
chr22,23241322,G,A,0,CAGGCCTATCCAACTAGAACTACTCCAGAAGGTGGGGCTGAAACCCACCAAGGTTCCCAG,CAGGCCTATCCAACTAGAACTACTCCAGAAAGTGGGGCTGAAACCCACCAAGGTTCCCAG,-1.50196303398344,-4.241872511338042,2.2166260177337026e-05
chr22,36696255,C,G,0,TTTTCAGCTTCGCCTCGGTGGTCACCTTCTCCAGCTGCAGCTTCTGCCGGGCGCTCTCCT,TTTTCAGCTTCGCCTCGGTGGTCACCTTCTGCAGCTGCAGCTTCTGCCGGGCGCTCTCCT,0.6823963398679839,2.828850353403582,0.00467155371732903
chr21,44589334,C,T,0,TGAGTATGACCTGCTGCCCTTCCTGTCGTCCACCATCAGCCCCTACTACCGCCAGTCCCT,TGAGTATGACCTGCTGCCCTTCCTGTCGTCTACCATCAGCCCCTACTACCGCCAGTCCCT,-1.2253816932616917,-2.538000994665313,0.01114876675770974
chr6,126127131,C,A,0,ACTGAAAGTTAGAGAAATTAGGTAACTTACCCAAGGCTACATACCTTGTAGGTGGTGGAG,ACTGAAAGTTAGAGAAATTAGGTAACTTACACAAGGCTACATACCTTGTAGGTGGTGGAG,0.7141339737598076,1.9818478865922222,0.04749626804723738
chr10,46953162,A,G,0,AAATGGAAGTCTGGGAATTATATTTCCCTGATAGTCTTATGAGCAGGATTCCAGGTTGAT,AAATGGAAGTCTGGGAATTATATTTCCCTGGTAGTCTTATGAGCAGGATTCCAGGTTGAT,1.059907722715539,3.767361444408452,0.0001649820526416784
chr19,8430845,C,G,0,CAAGGTTTTCACCCCTCCCCAGACACAACTCAAGGCTCAGAACAGCAGGATCCAGCAACT,CAAGGTTTTCACCCCTCCCCAGACACAACTGAAGGCTCAGAACAGCAGGATCCAGCAACT,-0.8356856080425435,-3.5615119004518068,0.0003687253922544108
chr1,150252207,C,G,0,GGGAGTCTGTGAAATAATATTTTTTAACTTCCCACACTAAACCGAAGTAATTCTTACCAG,GGGAGTCTGTGAAATAATATTTTTTAACTTGCCACACTAAACCGAAGTAATTCTTACCAG,1.1606579582415142,3.39985170728058,0.0006742240817618966
chr16,67199604,C,-,0,CGGTGCCGGGGATGGGGCGACCCACGCCCCCACGCCCCACTCCCCAGACGGTTTTCGGAA,CGGTGCCGGGGATGGGGCGACCCACGCCCCACGCCCCACTCCCCAGACGGTTTTCGGAA,-0.7948555013882104,-5.281349965600389,1.2823547215548148e-07
chr2,158815009,G,C,0,GTAACTACAATTCAAAATGAGATTTGGGTGGGGACACAGCCAAACCACAGCATTATGCCC,GTAACTACAATTCAAAATGAGATTTGGGTGCGGACACAGCCAAACCACAGCATTATGCCC,1.1690129361528587,3.5771778487660573,0.0003473238707210793
chr19,10405221,G,T,0,CTCTCGGGAAGGCATCCCATGGCCTGAGCAGCAGCGCGTGTCCCGAGAGGACGCGGGCAC,CTCTCGGGAAGGCATCCCATGGCCTGAGCATCAGCGCGTGTCCCGAGAGGACGCGGGCAC,-1.4294297324235412,-4.75122758123879,2.0218541621887613e-06
chr4,86222164,C,A,0,AGCTCTATTTTTACTTTTTTGAGGCAACTCCATAGTTTTTTCCAAAATCACTGTACTAAT,AGCTCTATTTTTACTTTTTTGAGGCAACTCAATAGTTTTTTCCAAAATCACTGTACTAAT,1.0631019870382796,4.027879114461758,5.6282267333518265e-05
chr19,19626320,C,T,0,GGACTCCAATCTCGGGTCTAAGCCATGGCGCTTGGCACCTACACCCCCGCACCCCCATGT,GGACTCCAATCTCGGGTCTAAGCCATGGCGTTTGGCACCTACACCCCCGCACCCCCATGT,-1.1314972982539266,-3.1169484720468725,0.001827335083215677
chr6,17135123,G,A,0,CACAAAAACAGAAGATAAAAAAAAGAGCAGGGGTCACTATTCTTATATCAGATAAAATAG,CACAAAAACAGAAGATAAAAAAAAGAGCAGAGGTCACTATTCTTATATCAGATAAAATAG,-0.6338765860330453,-2.2568825888498556,0.024015412270577637
chr19,14073956,-,G,0,CGCGCACCTCGCCCATGACGGCGATGGGGGTCTCGCCCTTGGCCTGGGCTACGCGGTGCT,CGCGCACCTCGCCCATGACGGCGATGGGGGTGCTCGCCCTTGGCCTGGGCTACGCGGTGCT,0.8399824786896524,2.0312221594590416,0.042232463471019964
chr17,61911558,C,A,0,GGCGGAAGTAACGGTTGCAGTTGATGTACTCCCGCTCGTGCCCATCCTGCAGCTGGTTGT,GGCGGAAGTAACGGTTGCAGTTGATGTACTACCGCTCGTGCCCATCCTGCAGCTGGTTGT,0.9602973599290435,2.5962078582485315,0.009425902413399002
chr18,76870477,A,C,0,ACATCCCAGGAATTCTATAAAAAATCAAAAATACAATGTGTTTACCTTTATACCTGGGGT,ACATCCCAGGAATTCTATAAAAAATCAAAACTACAATGTGTTTACCTTTATACCTGGGGT,0.8854029402130978,2.2960114322762992,0.0216752277185134
chr16,88923280,G,A,0,TGCCACCACCTCGTCGCCGCGACAACCGCCGCCATGGCAACCACGGGAGCCGCGGAGCCC,TGCCACCACCTCGTCGCCGCGACAACCGCCACCATGGCAACCACGGGAGCCGCGGAGCCC,1.3641313328038809,2.637481659427664,0.008352414201620894
chr16,57687713,A,T,0,CCCAGCTCATTCTTTCTCTCCCACACGCAGATGCCTGCTTTTCTCTTTTGTCTGCTCTCC,CCCAGCTCATTCTTTCTCTCCCACACGCAGTTGCCTGCTTTTCTCTTTTGTCTGCTCTCC,1.0988047045212785,3.275610425713557,0.0010543388746036956
chr5,162927472,G,A,0,CCTCCTGAGTAGCTGGGATTACAGGCACACGCCACCACACCCACTAATTTTTGTATTTTT,CCTCCTGAGTAGCTGGGATTACAGGCACACACCACCACACCCACTAATTTTTGTATTTTT,-1.1063028010147804,-2.3895988513995365,0.016866784197343807
chr2,89164050,T,A,0,CTAATTTTGAAAAACAGTAAACTCTGACATTGCCTATTAGCATTCTCGATATTCCTGTGC,CTAATTTTGAAAAACAGTAAACTCTGACATAGCCTATTAGCATTCTCGATATTCCTGTGC,-1.1669377787528115,-3.6474628486365264,0.0002648425906180825
chr2,89164434,T,C,0,ATTTTATTGATCACATGCAGTGGTGATCTGTAGGAATGATTGTTGTGATGTTTGCTGTAA,ATTTTATTGATCACATGCAGTGGTGATCTGCAGGAATGATTGTTGTGATGTTTGCTGTAA,0.5877583927431246,2.174822494081954,0.029643420762973292
chrX,141571738,C,A,0,AAAAAAAAAGAAATACAGCATGTCAGTCCCCATCTCAGACTTACTGACTCAGAATCTGCA,AAAAAAAAAGAAATACAGCATGTCAGTCCCAATCTCAGACTTACTGACTCAGAATCTGCA,-0.8722155165242891,-2.796138960015148,0.005171715853484754
chr11,627129,-,AGAGTC,0,CCCCCGAGGAGCAGCAGCAGCAGCAGGAGGGGCCGGGGGGCCATGGCGGGGTCGGGGCGC,CCCCCGAGGAGCAGCAGCAGCAGCAGGAGGGAGAGTCGCCGGGGGGCCATGGCGGGGTCGGGGCGC,1.1945227062323542,2.712174899975847,0.006684331343980819
chr19,1797096,-,G,0,CCCTGACCCCTAGTTTCAGGCTTCCGGGGGCCACTGGTGCAGCCACACAAGCCAGGCCTG,CCCTGACCCCTAGTTTCAGGCTTCCGGGGGCGCACTGGTGCAGCCACACAAGCCAGGCCTG,1.844967188584549,4.347807021770368,1.3750550798975706e-05
chr6,167615228,G,T,0,TTTCTAGTGGCTTCTGTACTGGGATCAACAGTGTCCCCCAAAATTCATGTCTTCCCAGAA,TTTCTAGTGGCTTCTGTACTGGGATCAACATTGTCCCCCAAAATTCATGTCTTCCCAGAA,-0.6230811886538343,-2.757879860949579,0.005817757516095036
chr11,22510232,G,A,0,TTCTTTGTGTCTGTGTCTCTCTCTTTTTCCGTCTCTATCTTTCTCTTCCTCTCCTCCTGC,TTCTTTGTGTCTGTGTCTCTCTCTTTTTCCATCTCTATCTTTCTCTTCCTCTCCTCCTGC,0.8387481827541217,2.037765588609035,0.041573381292998354
chr1,155149704,G,A,0,AGCTGACAAAGAGCCTGACATACATCCTGGGAAACCAGGACACGGTACAGACCCAGATCT,AGCTGACAAAGAGCCTGACATACATCCTGGAAAACCAGGACACGGTACAGACCCAGATCT,0.5358305365047737,1.977017628242004,0.048039637617973266
chr16,31098067,G,A,0,GTGTGTGGGTCGTGGGGTGGGCGAGCTGCAGCAGGGCCAGGTCTGAGCCCTGGCTGTAGT,GTGTGTGGGTCGTGGGGTGGGCGAGCTGCAACAGGGCCAGGTCTGAGCCCTGGCTGTAGT,-1.817744292090534,-5.178725191050293,2.2340728179299034e-07
chr20,61291082,C,T,0,GCCTGGCTGCAGCCTTGCAGGGTGTTGGCGCTCCCTGTGTCCTCTGTCTGTCTCTGCGGC,GCCTGGCTGCAGCCTTGCAGGGTGTTGGCGTTCCCTGTGTCCTCTGTCTGTCTCTGCGGC,-2.135908011712543,-5.504503397065558,3.7021032401258256e-08
chr10,81841922,C,A,0,GGTTTCAGGTATTGGCTTGCCTGGCTGATTCATGTGGGAGAGTCCTTGTATGCCATAGTA,GGTTTCAGGTATTGGCTTGCCTGGCTGATTAATGTGGGAGAGTCCTTGTATGCCATAGTA,-0.8972741639225121,-2.2184946561912944,0.026521123545829545
chr5,135399451,T,G,0,TAGAAAAGAAATGGTATGTAGAGCTTAGATTTCCCTATTGTGACAGAGCCATGGTGTGTT,TAGAAAAGAAATGGTATGTAGAGCTTAGATGTCCCTATTGTGACAGAGCCATGGTGTGTT,1.5722546704851075,3.8578604111577324,0.0001143839389314996
chr8,119855451,C,A,0,GGTCTCAAACTCCTGGGCTCAAGTTATCCTCCCACATTGGCCTCTCAAACTGCTGGGATT,GGTCTCAAACTCCTGGGCTCAAGTTATCCTACCACATTGGCCTCTCAAACTGCTGGGATT,1.0661754489077357,2.5337666451296235,0.011284385059213054
chr6,31996600,C,G,0,AGCAGGCTGACGGCTCGTTCCAGGACCTCTCTCCAGTGATACATAGGAGCATGCAGGTGC,AGCAGGCTGACGGCTCGTTCCAGGACCTCTGTCCAGTGATACATAGGAGCATGCAGGTGC,1.125460218547425,2.5232176061366145,0.011628641719181496
chr6,37089975,C,T,0,AGTGGCGCGATCTTAGCTCACTGAAGCCTCCGCCTAGCAGGTTCCAGCGATTCTTCTGTC,AGTGGCGCGATCTTAGCTCACTGAAGCCTCTGCCTAGCAGGTTCCAGCGATTCTTCTGTC,-0.7068042490816168,-1.9849311233202056,0.04715213510072319
chr17,7155833,G,T,0,GAGGAAGGACACTGGGTCATGACGCCATCAGAGGGCGCCAGAGCAGGGACCGGACGCGAG,GAGGAAGGACACTGGGTCATGACGCCATCATAGGGCGCCAGAGCAGGGACCGGACGCGAG,-2.8120439484424637,-6.54381926780516,5.99672626284753e-11
chr8,132343279,T,C,0,AATCTCAGAATTAAACATTTAATTAAAAACTACTATACACTGGATGTTTTATTCTCTCCC,AATCTCAGAATTAAACATTTAATTAAAAACCACTATACACTGGATGTTTTATTCTCTCCC,1.5725201407662153,3.0666026034908174,0.0021650648816408683
chr19,11323974,C,T,0,GAGCCTCAGGCACAGGTCGGCACACAGCTCCGTGTCCTCCTCGAACAGCAGCTCCGGGAA,GAGCCTCAGGCACAGGTCGGCACACAGCTCTGTGTCCTCCTCGAACAGCAGCTCCGGGAA,-1.214323182448013,-4.262335227733189,2.023016575577009e-05
chr1,45967376,C,T,0,ATCGACCTTTAACTCTTTGAGACACCGTTTCAGTGGATGGCAGGTGTGTGGGAGAGTGAG,ATCGACCTTTAACTCTTTGAGACACCGTTTTAGTGGATGGCAGGTGTGTGGGAGAGTGAG,0.6193718995310742,2.0234756859734686,0.043024127884084835
chr10,42905085,C,G,0,GCTCCTAGTGGCTTTAGGAGTTGTTAGACTCCCATGTTTTAACAGTGATACTGCACTGAT,GCTCCTAGTGGCTTTAGGAGTTGTTAGACTGCCATGTTTTAACAGTGATACTGCACTGAT,0.9339137407398703,2.847696935187627,0.004403683857240882
chr22,29708516,C,T,0,TGGACCAGCTCAGCTGTCCCCAGACCCCATCCCTTCTCCTTTTCCTTTGTGGCCTTAACC,TGGACCAGCTCAGCTGTCCCCAGACCCCATTCCTTCTCCTTTTCCTTTGTGGCCTTAACC,1.4068249705749474,2.2425451781558365,0.02492615885445433
chr11,47740916,C,A,0,TTTTCTTACCTAGAAGAGGTTCATTTAGTTCCTAGTGTGGTGTGCTCTCTCATTAACTTC,TTTTCTTACCTAGAAGAGGTTCATTTAGTTACTAGTGTGGTGTGCTCTCTCATTAACTTC,-1.2011371486731761,-3.4401433077386683,0.0005814062444808433
chr10,21693334,G,C,0,CCTCACATCAGTGAATGAATGAATGGATGAGAGCAGAGGGCCTCAGCATAGATTGGGATT,CCTCACATCAGTGAATGAATGAATGGATGACAGCAGAGGGCCTCAGCATAGATTGGGATT,1.0770780707043033,2.5607579225823547,0.01044441041480705
chr8,77767184,G,-,0,GGCGGTGGGTCCAGCACAGTCTCATAAACGGTGTCCGTTTTGCCGAGCCCTGTTTAAAGC,GGCGGTGGGTCCAGCACAGTCTCATAAACGTGTCCGTTTTGCCGAGCCCTGTTTAAAGC,-1.3382531681271996,-3.8957834091603614,9.788183139796826e-05
chr1,45484707,A,G,0,GGTGAACAGCTGTGAATGGGTCATACCACCAGCAGCAGCATCAATGGCAATCTGGTAGGC,GGTGAACAGCTGTGAATGGGTCATACCACCGGCAGCAGCATCAATGGCAATCTGGTAGGC,-1.958200824582252,-5.122440040562387,3.0160701828437537e-07
chr17,56606429,G,T,0,GACTTTGAGCCCCAATCCCAGCCAAGGCAGGGGGAAGACAGGTCACGTCCACCCATCTCC,GACTTTGAGCCCCAATCCCAGCCAAGGCAGTGGGAAGACAGGTCACGTCCACCCATCTCC,-1.5036220964249187,-4.398968170637483,1.0876677576177126e-05
chr16,19628260,A,G,0,ATAGCAATGTTAGTGCTAGCCAGCCTTTATAGAGGGCTTGCCATGGTGGCTGGCTCTGTG,ATAGCAATGTTAGTGCTAGCCAGCCTTTATGGAGGGCTTGCCATGGTGGCTGGCTCTGTG,-2.088102854535189,-2.996210266213151,0.0027335787109261426
chr6,30884916,G,C,0,CTCAGTGGCTGTGACTGAAGCTTTTGTGCGGCTCTACAAGGCGGGGTTGCTGTACCGGAA,CTCAGTGGCTGTGACTGAAGCTTTTGTGCGCCTCTACAAGGCGGGGTTGCTGTACCGGAA,0.97096953152165,2.280339123637233,0.02258758310989853
chr16,53266047,G,T,0,TATTTTCTGGTCTTCTTACTTTATTTTCCAGTAATGTCCGTAGGCTGTTAACAAAAGCAT,TATTTTCTGGTCTTCTTACTTTATTTTCCATTAATGTCCGTAGGCTGTTAACAAAAGCAT,-1.413657371716978,-3.4347181670652667,0.0005931703852032074
chr13,57714584,C,A,0,GCATCTCCAGCCCCGTCTCACACGCACCACCTCCGGGCCTGGACTTGGCCTCCCGTCCAT,GCATCTCCAGCCCCGTCTCACACGCACCACATCCGGGCCTGGACTTGGCCTCCCGTCCAT,-1.3861660756782743,-3.2516989307713247,0.0011471746626069525
chrX,11781635,C,T,0,GTGTCCACCTGTCCACTTTTGCAGCACAGGCTGCTGGACACCTCGTGTGGCCTCAAACAT,GTGTCCACCTGTCCACTTTTGCAGCACAGGTTGCTGGACACCTCGTGTGGCCTCAAACAT,-1.2262347572730217,-3.8570352883442425,0.00011477059848664478
chrX,111991195,G,A,0,CACTTTGGGAGGCCAAGACGGGCGGATCACGAGGTCAGGAGATCGAGACCATCCTGGCTA,CACTTTGGGAGGCCAAGACGGGCGGATCACAAGGTCAGGAGATCGAGACCATCCTGGCTA,-0.7775602364440363,-2.4149778421736423,0.015736166943510925
chr8,116058236,A,G,0,ATAAGGCCATAGTCACCAAAACACCATGGTACTGGTATAAAATAGGCAAATAGACCAATG,ATAAGGCCATAGTCACCAAAACACCATGGTGCTGGTATAAAATAGGCAAATAGACCAATG,1.3028220983213126,2.6535502376714515,0.007964991307092863
chr16,67227028,G,A,0,GCAAGAACTAGACCAGCACAAGGTGTGGGTGCAGCAGAGCATCCGGAACGTCACAGAGGA,GCAAGAACTAGACCAGCACAAGGTGTGGGTACAGCAGAGCATCCGGAACGTCACAGAGGA,-1.5387724564480478,-4.0315183155384675,5.541767688874178e-05
chr1,161019096,G,T,0,ACTGTGCCTCATCCAGAGACAGGTCATCCAGGGGTGGCTCCACAGAGAACTCCTCCACCT,ACTGTGCCTCATCCAGAGACAGGTCATCCATGGGTGGCTCCACAGAGAACTCCTCCACCT,-1.0820114463574462,-1.9624668233509401,0.04970815952020051
chr14,106329404,T,C,0,AGAAAACAAAGGCCCTAGAGTGGCCATTCTTACCTGAGGAGACGGTGACCGTGGTCCCTT,AGAAAACAAAGGCCCTAGAGTGGCCATTCTCACCTGAGGAGACGGTGACCGTGGTCCCTT,0.6507748429643925,2.65012551386586,0.008046187279281846
chr1,199575563,-,ACCAAAACAGCATGGTACTGGT,0,GATTCAAACTATACTACAAGGCTACAGTAACCAAAACAGCATGGTACTGGTACCAAAACA,GATTCAAACTATACTACAAGGCTACAGTAACACCAAAACAGCATGGTACTGGTCAAAACAGCATGGTACTGGTACCAAAACA,1.8196197692941238,2.8827932564697685,0.003941660483203774
chr3,187464813,C,T,0,CATTGTGGGTCCTAGTTTGTTTGTTCAGAGCTGCTAGTTTCCTTATTTAAATGTTGGTTC,CATTGTGGGTCCTAGTTTGTTTGTTCAGAGTTGCTAGTTTCCTTATTTAAATGTTGGTTC,0.6149738656326629,2.000104383263883,0.04548899356624395
chrX,142919452,A,G,0,ACACACACAGTAACAGGATTGCTGAATCAAATGGTATTTCTGTATTTATGTCTTTGAACA,ACACACACAGTAACAGGATTGCTGAATCAAGTGGTATTTCTGTATTTATGTCTTTGAACA,0.8554091467239248,3.018946322355284,0.0025365546913437625
chr3,48638118,C,A,0,TAGGAATACCAGGCTGCCACTTACCACTGCCCTTGCAGGACGAACATCATGTCATCGATT,TAGGAATACCAGGCTGCCACTTACCACTGCACTTGCAGGACGAACATCATGTCATCGATT,-0.8308908487553546,-2.526622985984354,0.011516505792993858
chr7,150094862,C,T,0,TCCCCGGGGGCCCGGGACACGCTGTGGGGCCGGGGACAAGCGGGCCTCGCTGGGCCTGGC,TCCCCGGGGGCCCGGGACACGCTGTGGGGCTGGGGACAAGCGGGCCTCGCTGGGCCTGGC,-0.7713282641813423,-1.9949257183902538,0.04605098204826321
chr3,48682179,C,T,0,ACTATGACCAGGACAACAGGGCCAGCAAAGCTCCAGATGAGGGGCTCGTGGACTGAGATC,ACTATGACCAGGACAACAGGGCCAGCAAAGTTCCAGATGAGGGGCTCGTGGACTGAGATC,-0.6285371830338183,-2.0526226001300665,0.04010919392953235
chr2,71190300,G,C,0,CAGTGCCCATGGATATTGCAGGTCTCTGCTGCTAGAGAGGAGGTGCCTGGGCGCCGAGGG,CAGTGCCCATGGATATTGCAGGTCTCTGCTCCTAGAGAGGAGGTGCCTGGGCGCCGAGGG,-1.6445131814031075,-6.717915249101344,1.8434285091299856e-11
chr2,130899767,C,T,0,CTTGACGTGGAGAGGCTGTCTGCAGGAGAGCGCACAGTGTCGGCGCTACCGCCCGCAAGA,CTTGACGTGGAGAGGCTGTCTGCAGGAGAGTGCACAGTGTCGGCGCTACCGCCCGCAAGA,-1.093742288746688,-2.4312695710402634,0.015046015471004214
chr11,119063972,C,T,0,GCGACTCATCTCTGGGGTGGGGGCAGTGGGCCACCAGGGACCCAGGTTGGAGATGGAGGG,GCGACTCATCTCTGGGGTGGGGGCAGTGGGTCACCAGGGACCCAGGTTGGAGATGGAGGG,-0.9153374487575928,-2.0919236597932587,0.03644534523097192
chr17,73626927,G,A,0,TTTCAGGGGACAGTTCTCATCTGTGGGGGGGGGGGGTGGTCCTTGGTCCTTTCGCTCCAC,TTTCAGGGGACAGTTCTCATCTGTGGGGGGAGGGGGTGGTCCTTGGTCCTTTCGCTCCAC,3.4985962821025973,3.9067046232518905,9.356341266883175e-05
chr22,18261587,G,A,0,TGCCATGGGGTCCCCACTGTGGGCAGCCCTGCATTTTGCCCAACTGCCTCCCAAACCATG,TGCCATGGGGTCCCCACTGTGGGCAGCCCTACATTTTGCCCAACTGCCTCCCAAACCATG,-0.6276603600169416,-2.124067745465397,0.03366447914365451
chr5,79950707,TGCAGCGGCCGCAGCGGCCGCAGCGCC,-,0,CGACCAGGTGGACCCTGGCGCTGCAGCGGCTGCAGCGGCCGCAGCGGCCGCAGCGCCCCC,CGACCAGGTGGACCCTGGCGCTGCAGCGGCCCC,-9.139079665831458,-12.602852410414574,2.0364428234573404e-36
chr1,207078365,A,G,0,CTGGGGTTGGGGGATAGCTGGGGAGTTGTCAGGCAGGAACATTGATGTAGTCATCTGAAT,CTGGGGTTGGGGGATAGCTGGGGAGTTGTCGGGCAGGAACATTGATGTAGTCATCTGAAT,0.9185004961557846,2.6614463497591907,0.007780573922684931
chr9,43627016,C,T,0,ACACTAAAGACGTCCTGAGATTTTTGGACCCTAGAGGGTAAAGCCAACCTACCTTCTAGT,ACACTAAAGACGTCCTGAGATTTTTGGACCTTAGAGGGTAAAGCCAACCTACCTTCTAGT,-1.1404005512338111,-2.8947096545015794,0.0037950938242815573
chr16,89857864,G,C,0,GAACGCAGAGGGGCCCTCCAGTGCTGCCTGGCGCACAACCAGGAACGCAGTGACCATGCT,GAACGCAGAGGGGCCCTCCAGTGCTGCCTGCCGCACAACCAGGAACGCAGTGACCATGCT,-1.3142686974471445,-3.173156985471421,0.0015079096611778828
chr17,19552248,G,T,0,CTGCATGCTTCCCGCCTCCCACTCCCCAGCGCCCCCGGACCGTGCAGTTCTCTGCAGGAC,CTGCATGCTTCCCGCCTCCCACTCCCCAGCTCCCCCGGACCGTGCAGTTCTCTGCAGGAC,-2.531981608774367,-7.993174676767167,1.3150759483135203e-15
chr16,8204699,T,G,0,TGTAGAAAACTGGGTCAAGAAGAGGGAAAATGTGTCTAGGATGCCTTACTACTCCCACAT,TGTAGAAAACTGGGTCAAGAAGAGGGAAAAGGTGTCTAGGATGCCTTACTACTCCCACAT,1.068612900113696,2.530290503514436,0.011396812185744327
chr6,41209593,G,A,0,CTTCTACCCTCATCAGCACAGTGATCCCAAGGGTCACAGTTTTAATGATCCCTGGCACAG,CTTCTACCCTCATCAGCACAGTGATCCCAAAGGTCACAGTTTTAATGATCCCTGGCACAG,-1.041784931897195,-3.2843947902098116,0.0010220164862939436
chr7,143582160,C,T,0,CCACTTTGGCAGCCCCGCGTGCGCCCCCCTCGGCCGCGCTCCCCAAGGACCCCGACCCAG,CCACTTTGGCAGCCCCGCGTGCGCCCCCCTTGGCCGCGCTCCCCAAGGACCCCGACCCAG,1.3016071196148982,2.660925224173593,0.007792626094528996
chr16,67864582,C,T,0,CCAGGGCCTGGACAGTGGGCTGCATGGGTCCACCCTGAGTGGCCTTCAGAGAAAGAAGAC,CCAGGGCCTGGACAGTGGGCTGCATGGGTCTACCCTGAGTGGCCTTCAGAGAAAGAAGAC,-0.6919905810901519,-2.6111198654969865,0.009024625614282257
chr20,44151947,C,A,0,ACTGGGACTAAGGTTTGGGTATTTATTCCCCATCTTCCTCTGGTTGTGTCTCCACAGTCT,ACTGGGACTAAGGTTTGGGTATTTATTCCCAATCTTCCTCTGGTTGTGTCTCCACAGTCT,-1.0321489707861462,-3.464660005042095,0.0005309022124491287
chr8,144680542,A,T,0,TCCAGGCGCAGGCCGAGGCCTTCGCGCGCCAGATCTACGGGCCCGAGTGCACCTTCAAGG,TCCAGGCGCAGGCCGAGGCCTTCGCGCGCCTGATCTACGGGCCCGAGTGCACCTTCAAGG,-0.8052082366772297,-2.648148007887118,0.00809340827234582
chr5,52582824,G,C,0,CTCATCTCCATGTGAGACCACCTCAGCCTGGACCCTGTTGTTCATATCACTATCAGCATT,CTCATCTCCATGTGAGACCACCTCAGCCTGCACCCTGTTGTTCATATCACTATCAGCATT,1.7761648249543511,5.538237794810684,3.0553023979472835e-08
chr17,4448302,-,CCCCCCCCCCCCCCCCCCCC,0,ACACCCGAGCCCTCCCCGGCCGCCCCCCCCTCCACCTCCCCCACTCACCAGCGCCTTCCC,ACACCCGAGCCCTCCCCGGCCGCCCCCCCCTCCCCCCCCCCCCCCCCCCCCCCACCTCCCCCACTCACCAGCGCCTTCCC,-9.330671138411018,-3.791116932544858,0.00014997132111859216
chr17,7468350,A,T,0,TCAGCACTGATGAGGTAGTAGAGAAGCTGGAGGACATTTTCCAGCAGGAGTTTTCCACCC,TCAGCACTGATGAGGTAGTAGAGAAGCTGGTGGACATTTTCCAGCAGGAGTTTTCCACCC,1.73046692123871,3.5709422260237744,0.000355699354817397
chr2,53404640,G,A,0,TTCCTTTTTCTGCCAAGTCTGCTTGGAAACGCTGAGAAGACTGATCCACACACACCAATT,TTCCTTTTTCTGCCAAGTCTGCTTGGAAACACTGAGAAGACTGATCCACACACACCAATT,0.8534893763523664,2.346799212680474,0.018935455784576102
chr1,67269546,G,C,0,GGGCTTATTTTCCCCATTTGTATATTGAGAGGGTTGGATTTAATTGTTAAAAGTCTTCTC,GGGCTTATTTTCCCCATTTGTATATTGAGACGGTTGGATTTAATTGTTAAAAGTCTTCTC,-1.01607537005395,-2.6006851975056895,0.009303778586348663
chr22,18392037,C,T,0,GGCCCAGTGTGGTGGCTCATGCCTGTAATCCCAGCACTTTGGGAGGCCGAGGTGGGTGAA,GGCCCAGTGTGGTGGCTCATGCCTGTAATCTCAGCACTTTGGGAGGCCGAGGTGGGTGAA,-0.6593597110470135,-2.5365613026583467,0.011194714089936764
chr2,61765056,G,T,0,AGGGGGACCCTCCAGCCACAGGCAGCAGCAGAAGCGGCAGGAGTAGGGGGTGTAGAGTCC,AGGGGGACCCTCCAGCCACAGGCAGCAGCATAAGCGGCAGGAGTAGGGGGTGTAGAGTCC,-2.111224365679141,-5.0507037668907575,4.401852648515081e-07
chr9,4118457,G,A,0,ATGCCCGTAGACCTCCGGCTGCGGGGACAGGTTGGCCGGCGAAGCCCTCGACCCGTTGAT,ATGCCCGTAGACCTCCGGCTGCGGGGACAGATTGGCCGGCGAAGCCCTCGACCCGTTGAT,0.6528505851437274,2.0453343258662335,0.04082190879031807
chr16,2304001,C,T,0,GAGGAGTTGGAGCTGGAGCGGCTCCTGTGGCGGCGGCGGCCCGGGGACCGTGATCTCCGG,GAGGAGTTGGAGCTGGAGCGGCTCCTGTGGTGGCGGCGGCCCGGGGACCGTGATCTCCGG,0.8429072074832847,2.4788272444777073,0.013181513240465388
chr19,47197135,G,A,0,CAAGGACCCGAGGTGGGAGGACTTACTGTGGGGCGCGTGGCCTGGGGCGCTGGGTGCGTC,CAAGGACCCGAGGTGGGAGGACTTACTGTGAGGCGCGTGGCCTGGGGCGCTGGGTGCGTC,-1.2463974564984128,-3.704923701645632,0.00021145437281774448
chr1,156708202,C,T,0,GGATAACTTGAACCACTTTGCCCTGCTTCCCGGCATCCTTGCCTTCTAGGATCTCCACCT,GGATAACTTGAACCACTTTGCCCTGCTTCCTGGCATCCTTGCCTTCTAGGATCTCCACCT,-0.8935553176217024,-2.52215238954732,0.011663916649751334
chrX,72254390,C,T,0,TGGTGATATCCCCTTTATCATTTTTTATTGCGTCTATTTGATTCTTCTCTCTTTTCTTAT,TGGTGATATCCCCTTTATCATTTTTTATTGTGTCTATTTGATTCTTCTCTCTTTTCTTAT,-0.9496841283933514,-2.2049576410055467,0.027457067092976375
chr19,30558758,T,C,0,TCCATCCATCCATCCATCCATCCATCCATCTATCCATCCATCCCTCCATTCACCCATCCA,TCCATCCATCCATCCATCCATCCATCCATCCATCCATCCATCCCTCCATTCACCCATCCA,-2.9815165052513937,-3.402131063038715,0.0006686256425112692
chr11,4112633,G,A,0,ACGAGGCTCTCAATGCCATGACTTCCAATGGCAGCCACCGGCTGATCGAGGGGGTCCACC,ACGAGGCTCTCAATGCCATGACTTCCAATGACAGCCACCGGCTGATCGAGGGGGTCCACC,-1.3521866578956487,-4.425452977170803,9.624011983576928e-06
