chr,start,ref,alt,driver,sequence,altered_seq,TF_loss,TF_gain,diff,t,p_value
chr16,339438,C,T,1,GGGGAGGGGGCACCCCAGCCCTCACACTCACCTGTAGCTGCCCTTTTTGGTCAGCAGCTC,GGGGAGGGGGCACCCCAGCCCTCACACTCATCTGTAGCTGCCCTTTTTGGTCAGCAGCTC,15,8,0.7099881099377502,2.4093078505522265,0.015982809824676748
chr16,347720,C,T,1,GCCCCCTCCTCACTGACAGGCGCACGCTCACCTGTGGGCGAGGCCATCACTGGCGTTGGG,GCCCCCTCCTCACTGACAGGCGCACGCTCATCTGTGGGCGAGGCCATCACTGGCGTTGGG,15,8,0.7167887307828802,2.4048922333979856,0.016177235532491858
chr19,1222005,G,A,1,GTTCTCCATCCGGCAGATCCGGCAGCACAGGTGAGCGGCCCCTGGGGGCAGTGGGGCCGA,GTTCTCCATCCGGCAGATCCGGCAGCACAGATGAGCGGCCCCTGGGGGCAGTGGGGCCGA,15,8,0.7167887307828802,2.4048922333979856,0.016177235532491858
chr5,1295142,G,A,1,TGGCCGGGGCCAGGGCTTCCCACGTGCGCAGCAGGACGCAGCGCTGCCTGAAACTCGCGC,TGGCCGGGGCCAGGGCTTCCCACGTGCGCAACAGGACGCAGCGCTGCCTGAAACTCGCGC,15,8,1.9797672493173804,5.223765461860148,1.7532081958932052e-07
chr17,7576927,T,C,1,GGGAGAGGAGCTGGTGTTGTTGGGCAGTGCTAGGAAAGAGGCAAGGAAAGGTGATAAAAG,GGGAGAGGAGCTGGTGTTGTTGGGCAGTGCCAGGAAAGAGGCAAGGAAAGGTGATAAAAG,15,8,0.6025294298542904,1.9710090309596864,0.04872284284632049
chr17,7578369,C,A,1,CCCTGTCGTCTCTCCAGCCCCAGCTGCTCACCATCGCTATCTGAGCAGCGCTCATGGTGG,CCCTGTCGTCTCTCCAGCCCCAGCTGCTCAACATCGCTATCTGAGCAGCGCTCATGGTGG,15,8,1.7397038891588146,4.479900004591224,7.4678016440642495e-06
chr17,7578369,C,T,1,CCCTGTCGTCTCTCCAGCCCCAGCTGCTCACCATCGCTATCTGAGCAGCGCTCATGGTGG,CCCTGTCGTCTCTCCAGCCCCAGCTGCTCATCATCGCTATCTGAGCAGCGCTCATGGTGG,15,8,0.7894350223938211,2.3087247594085447,0.020958859511917064
chr17,7590692,ACCCAATCCAGGGAAGCGTGTCACCGTCGTGGAAAGCACGCTCCCAGCCCGAA,-,1,AGAGGACTCATCAAGTTCAGTCAGGAGCTTACCCAATCCAGGGAAGCGTGTCACCGTCGT,AGAGGACTCATCAAGTTCAGTCAGGAGCTT,15,8,-2.092009684901302,-2.383496145787324,0.0171490640452222
chr17,7590844,GGAGGGGAAAACCCCAA,-,1,AAAACTTTTAGCGCCAGTCTTGAGCACATGGGAGGGGAAAACCCCAATCCCATCAACCCC,AAAACTTTTAGCGCCAGTCTTGAGCACATGTCCCATCAACCCC,15,8,-1.2249536757460613,-2.2799351792944833,0.02261153322342895
chr19,10870488,T,C,1,CATTCTGCAGCTCATCTTCTCAAAAACAGGTAAAATGGGGCGGCCTGAGGTTCAGCAGGA,CATTCTGCAGCTCATCTTCTCAAAAACAGGCAAAATGGGGCGGCCTGAGGTTCAGCAGGA,15,8,0.7754172007398975,2.665115362437092,0.007696191637744972
chr3,16554757,G,C,1,TGGCCCAAGATCCAGGCGTCCCAAGGATCAGCCCAGGTCCCCATCCGACGCGGGCCAGGG,TGGCCCAAGATCCAGGCGTCCCAAGGATCACCCCAGGTCCCCATCCGACGCGGGCCAGGG,15,8,-0.9350138723437913,-2.3674796501022803,0.017909704929603667
chr3,16555404,C,T,1,GTTCCGCCCGGTCACCTCCACGCGGCCGAGCTGCAAGCGACCCTGGCAGCCTCAGAACCC,GTTCCGCCCGGTCACCTCCACGCGGCCGAGTTGCAAGCGACCCTGGCAGCCTCAGAACCC,15,8,0.820651082814004,2.277006879781683,0.02278581479019711
chr14,20811299,A,G,1,CCCTGCGGGGTACCTCACCTCAGCCATTGAACTCACTTCGCTGGCCGTGAGTCTGTTCCA,CCCTGCGGGGTACCTCACCTCAGCCATTGAGCTCACTTCGCTGGCCGTGAGTCTGTTCCA,15,8,0.8895660343941318,2.151135375800167,0.031465516005729624
chr16,22308692,G,C,1,GAGCCGCGTGCACCGGGGCGGGGCATTGTGGGTAAGAGGAAACGCTGGGGCCGGCCCGCT,GAGCCGCGTGCACCGGGGCGGGGCATTGTGCGTAAGAGGAAACGCTGGGGCCGGCCCGCT,15,8,1.2554972650282,2.1731709363347202,0.029767454353806788
chr22,30000102,T,G,1,TGGACGCCGAGATGGAGTTCAATTGCGAGGTAACCGGCCGGCAGCCCCGACTGCTGCGGT,TGGACGCCGAGATGGAGTTCAATTGCGAGGGAACCGGCCGGCAGCCCCGACTGCTGCGGT,15,8,-1.0410464455639583,-2.441853133340372,0.01461208972528087
chr9,35658016,C,A,1,GCCTAGGATACAGGCCTTCAGCACGAACCACGTCCTCAGCTTCACAGAGTAGTATTTTAT,GCCTAGGATACAGGCCTTCAGCACGAACCAAGTCCTCAGCTTCACAGAGTAGTATTTTAT,15,8,-0.7225536248113938,-2.0665934245164017,0.038772480932193314
chr9,35658041,T,A,1,AACCACGTCCTCAGCTTCACAGAGTAGTATTTTATAGCCCTAAAGAAATTGTGTTTTATG,AACCACGTCCTCAGCTTCACAGAGTAGTATATTATAGCCCTAAAGAAATTGTGTTTTATG,15,8,-1.0286647049283606,-2.2257445623167578,0.026031296044042845
chr9,35658043,T,C,1,CCACGTCCTCAGCTTCACAGAGTAGTATTTTATAGCCCTAAAGAAATTGTGTTTTATGAT,CCACGTCCTCAGCTTCACAGAGTAGTATTTCATAGCCCTAAAGAAATTGTGTTTTATGAT,15,8,0.8687088017205198,2.737082861950982,0.006198667741601167
chr14,38060441,A,-,1,CACTGGGGGAAAGGTTGTGCATGAAAAATGAAATAAAAATAGTTGTTGGGATTTTATTAT,CACTGGGGGAAAGGTTGTGCATGAAAAATGAATAAAAATAGTTGTTGGGATTTTATTAT,15,8,-0.573774456112145,-2.1545768181234077,0.03119496471456602
chr22,41526008,TAAGTGATGAAATCTTTTGAAGGTTTATA,-,1,AAATGCTGGTGATAAGAGAAATCAACAGCGTAAGTGATGAAATCTTTTGAAGGTTTATAT,AAATGCTGGTGATAAGAGAAATCAACAGCGT,15,8,-2.81967268648775,-3.1952216181475914,0.0013972350413067696
chr22,41568667,G,A,1,GAGGAAAACACCAGCAATGAAAGCACAGATGTAAGGGCATTGAGTTTCCTTTGAAACTTC,GAGGAAAACACCAGCAATGAAAGCACAGATATAAGGGCATTGAGTTTCCTTTGAAACTTC,15,8,-0.7810502470587957,-2.1015279135231317,0.03559465031437795
chr19,45284141,GTCCTTGCCCATCCCCACAGGCGACAGCTGGCCAAGCT,-,1,GTGTCAGTGGGAGCCCCAAGGATAGCCAGAGTCCTTGCCCATCCCCACAGGCGACAGCTG,GTGTCAGTGGGAGCCCCAAGGATAGCCAGA,15,8,-1.5987437701144362,-2.5672742714841443,0.01025015016568773
chr17,48940020,T,G,1,CTCTGATATTTTACAAACTTTGTACTAAATTAAATTATACAATTAGAAAAGACCAATAAA,CTCTGATATTTTACAAACTTTGTACTAAATGAAATTATACAATTAGAAAAGACCAATAAA,15,8,0.8470358515153797,2.270389726150346,0.02318394728829958
chr12,49428260,T,C,1,GGCTGGGAGGGATCACCAGCACTCCGCTCCTGCAATGAGAGAGGCTGCTAAAGGGTCATT,GGCTGGGAGGGATCACCAGCACTCCGCTCCCGCAATGAGAGAGGCTGCTAAAGGGTCATT,15,8,0.6999023484119484,2.005949230274907,0.0448616649954162
chr17,56408623,C,T,1,ACAGTACACTCATCCATAAAGTAGGAAACACTACACCCTCCAGTGCTGTTAGTAGTGCTT,ACAGTACACTCATCCATAAAGTAGGAAACATTACACCCTCCAGTGCTGTTAGTAGTGCTT,15,8,0.6374773417481787,2.0416923478871865,0.04118205829552307
chr16,67645517,T,C,1,TCCAAAGCCAACAAAAATTAAAAAGAAAGGTAAAACGAGTTTATCCATAGTGGTTTCATA,TCCAAAGCCAACAAAAATTAAAAAGAAAGGCAAAACGAGTTTATCCATAGTGGTTTCATA,15,8,0.9975120718158063,3.2093237174138705,0.0013304760385734605
chr7,86866382,TT,GC,1,CTAGAATTGTGGTGCCCTCTCGTGGACATTTTCAGTATTACAAGAGCCATAATTTTCTTC,CTAGAATTGTGGTGCCCTCTCGTGGACATTGCTCAGTATTACAAGAGCCATAATTTTCTTC,15,8,1.0556413381426808,3.4749161595210705,0.0005110130376395452
chr10,89692754,ATCTTTTTACCACAGTTGCACA,-,1,TCAAGAGTTTTTTTTTCTTATTCTGAGGTTATCTTTTTACCACAGTTGCACAATATCCTT,TCAAGAGTTTTTTTTTCTTATTCTGAGGTTATATCCTT,15,8,-2.2688165631757413,-3.9000148716334326,9.61867795438516e-05
chr10,89711872,A,T,1,AATTTGGCTTCTCTTTTTTTTCTGTCCACCAGGGAGTAACTATTCCCAGTCAGAGGCGCT,AATTTGGCTTCTCTTTTTTTTCTGTCCACCTGGGAGTAACTATTCCCAGTCAGAGGCGCT,15,8,-0.8022337310934053,-2.869736813763786,0.00410813579386693
chr10,89712016,G,A,1,CTATTCCAATGTTCAGTGGCGGAACTTGCAGTAAGTGCTTGAAATTCTCATCCTTCCATG,CTATTCCAATGTTCAGTGGCGGAACTTGCAATAAGTGCTTGAAATTCTCATCCTTCCATG,15,8,1.8236690645882718,3.1470120081397277,0.0016494818748904708
chr11,108123640,T,A,1,ATGAATTTTTTCCAAAGCGTGCCAGAATGGTATGTTATCTAATAATGCTCTTTATCATTT,ATGAATTTTTTCCAAAGCGTGCCAGAATGGAATGTTATCTAATAATGCTCTTTATCATTT,15,8,0.7881973919739637,2.0382973129439925,0.04152020845111962
chr11,108190668,CTTATCTCACAG,-,1,TTCTGTTTTTAAGTATATTTTTTTCTTTGACTTATCTCACAGCAAAGAAGTAGAAGGAAC,TTCTGTTTTTAAGTATATTTTTTTCTTTGACAAAGAAGTAGAAGGAAC,15,8,-0.7202178636270978,-1.9621640967635263,0.0497433824653904
chr7,148506247,C,T,1,CTATCCTGTGATCACCGTTAACCATCATAACTGCAAAGAGACACACTGGTGTCAGTGAGC,CTATCCTGTGATCACCGTTAACCATCATAATTGCAAAGAGACACACTGGTGTCAGTGAGC,15,8,0.8463838986124143,2.760864901895557,0.0057648517741541675
chr3,176755883,ACCTTTAAAGTCATGTCGTCAGAA,-,1,GCCAACCCATTTCTCCCTACTAAGCAAATTACCTTTAAAGTCATGTCGTCAGAACAGGAG,GCCAACCCATTTCTCCCTACTAAGCAAATTCAGGAG,15,8,-2.9451774312192356,-4.131951435368325,3.596964285548988e-05
chr3,193853971,A,C,1,GGATCCGGAGCTGGTGCTGATAACAGCGGAATCCCCCGTCTACCTCTCTCCTTGGTCCTG,GGATCCGGAGCTGGTGCTGATAACAGCGGACTCCCCCGTCTACCTCTCTCCTTGGTCCTG,15,8,-0.8231862037815523,-2.0495921692820804,0.040404245219395035
chr2,10922898,G,T,0,ATCGCTTGAACCTGGGAGGCGGAGGTTGCAGTGAGCTGAGATCACGCCACTACACTCCAG,ATCGCTTGAACCTGGGAGGCGGAGGTTGCATTGAGCTGAGATCACGCCACTACACTCCAG,15,8,1.4935086297848317,4.386538771119893,1.1516864398452745e-05
chr9,24540060,T,C,0,TAATTTTTGGACACAAAACTTGTTTGATTTTATAGTCAATATTTAATCATAATATGGTTT,TAATTTTTGGACACAAAACTTGTTTGATTTCATAGTCAATATTTAATCATAATATGGTTT,15,8,0.8350513667658599,2.438021078869766,0.014767912841081513
chr15,91469553,C,T,0,AAAAAATAGATAGCTGGGCGCGGTGGCTCACCCCTGTAATCCCAGCACTTTGGGAGGCCG,AAAAAATAGATAGCTGGGCGCGGTGGCTCATCCCTGTAATCCCAGCACTTTGGGAGGCCG,15,8,0.6812331116458181,2.2593279839874754,0.0238629904327613
chr11,124774784,T,G,0,CTATAGCACAGATTAAGTCCAATGTTTCCTTTTTAATTTTCTGTCTGGGAGATCTATCCA,CTATAGCACAGATTAAGTCCAATGTTTCCTGTTTAATTTTCTGTCTGGGAGATCTATCCA,15,8,0.7875124581746336,2.29677743938316,0.02163146919150053
chr7,23585161,C,T,0,CTTGGACTCTCAGTTCCTTGTATTCCACTCCTGCAGGGAGTACGACTCTCCACCACAGTC,CTTGGACTCTCAGTTCCTTGTATTCCACTCTTGCAGGGAGTACGACTCTCCACCACAGTC,15,8,0.7677240575747792,2.5453599082373564,0.010916515731268504
chr3,78720861,A,G,0,CTTTGTCTTGGTTACCAGGGTGAAATTTGCAATATCAAGGGGTGAATTAGAAGGCTAGAG,CTTTGTCTTGGTTACCAGGGTGAAATTTGCGATATCAAGGGGTGAATTAGAAGGCTAGAG,15,8,-1.6769558076910127,-2.9590940562088472,0.0030854491347855053
chr6,126127131,C,A,0,ACTGAAAGTTAGAGAAATTAGGTAACTTACCCAAGGCTACATACCTTGTAGGTGGTGGAG,ACTGAAAGTTAGAGAAATTAGGTAACTTACACAAGGCTACATACCTTGTAGGTGGTGGAG,15,8,0.8548427931186048,2.2346036797884725,0.025443379052424744
chr4,25160665,T,A,0,AATTGCCTAAGAAATTGTTGCTGTCCATGATTGCAAGTTCATGTAAAAAGAGTTCAAGTG,AATTGCCTAAGAAATTGTTGCTGTCCATGAATGCAAGTTCATGTAAAAAGAGTTCAAGTG,15,8,-1.2974066142770266,-4.4480094411969,8.666972126235509e-06
chr4,86222164,C,A,0,AGCTCTATTTTTACTTTTTTGAGGCAACTCCATAGTTTTTTCCAAAATCACTGTACTAAT,AGCTCTATTTTTACTTTTTTGAGGCAACTCAATAGTTTTTTCCAAAATCACTGTACTAAT,15,8,0.8738710292677991,2.2836825793385067,0.022390192602794665
chr11,619526,C,T,0,GTGCCAGTGTGGTGGTGGTCAGCACAACCTCTCCCTCCATCCGGAAGTGTGAGTGGTTGG,GTGCCAGTGTGGTGGTGGTCAGCACAACCTTTCCCTCCATCCGGAAGTGTGAGTGGTTGG,15,8,-0.5694160225018472,-2.0238677377580907,0.04298376224105226
chr3,99076194,T,C,0,TTCACACTGCATACTGGGAATACCACATTCTCATGGACTTTCAAACACTCTTAAGGCTGT,TTCACACTGCATACTGGGAATACCACATTCCCATGGACTTTCAAACACTCTTAAGGCTGT,15,8,0.7229655781632862,2.3496120799065716,0.018792985298334973
chr3,24709055,A,G,0,TATTGAGGTTTAGCCTTTAGGAGGTGATTTAATCATGAGGGCAGAGCCTTTGTGGATGGG,TATTGAGGTTTAGCCTTTAGGAGGTGATTTGATCATGAGGGCAGAGCCTTTGTGGATGGG,15,8,-0.8526938014387835,-2.0652581040296263,0.0388985854242661
chr5,163107814,T,G,0,GGAAGACTAGAGTATTATACATAATAATTTTTTTGTATATTAGCTGAGGGTTAGGCATTC,GGAAGACTAGAGTATTATACATAATAATTTGTTTGTATATTAGCTGAGGGTTAGGCATTC,15,8,1.2528000213883501,2.214410194897324,0.026800574224464045
chr2,89164050,T,A,0,CTAATTTTGAAAAACAGTAAACTCTGACATTGCCTATTAGCATTCTCGATATTCCTGTGC,CTAATTTTGAAAAACAGTAAACTCTGACATAGCCTATTAGCATTCTCGATATTCCTGTGC,15,8,-0.8437969717890954,-2.07113141555998,0.0383465167356322
chr12,96483756,C,G,0,GAGGTCTCATTATGTTGCCCAGGGTGTTCTCAAACTTTTGTCCTCCTCCCTCCTCAGCAT,GAGGTCTCATTATGTTGCCCAGGGTGTTCTGAAACTTTTGTCCTCCTCCCTCCTCAGCAT,15,8,0.6277532446702099,2.385063351629625,0.01707618043697003
chr3,15091180,C,G,0,ATCAAGGGCAAAAACAAGCTCCAAAAGTTTCAGAAGTTAGAACATATTCATTATGTCATC,ATCAAGGGCAAAAACAAGCTCCAAAAGTTTGAGAAGTTAGAACATATTCATTATGTCATC,15,8,-0.44994579510519905,-2.0671122612659074,0.03872357700849475
chr1,153591410,T,C,0,CTGATCTTCAGGTCTTTCTTCTTCCTGATTTCCTTGGCCAGCTCCCCAATCAATCTCCAG,CTGATCTTCAGGTCTTTCTTCTTCCTGATTCCCTTGGCCAGCTCCCCAATCAATCTCCAG,15,8,-0.6696890354434318,-2.1818994805658067,0.02911695219719691
chr12,162758,A,G,0,CCTCCTCTAGGCAGAACTAGAAGGGGTATTAAGGATTAACTTGTATAATGAGACTCCAGA,CCTCCTCTAGGCAGAACTAGAAGGGGTATTGAGGATTAACTTGTATAATGAGACTCCAGA,15,8,1.041984230397623,2.6266426576389073,0.00862318379382548
chr11,6635085,G,C,0,GAAATGTTGAGTATCACGCATCTTACATTTGAGGTATCAATCATTATTGGATAGAAAGTC,GAAATGTTGAGTATCACGCATCTTACATTTCAGGTATCAATCATTATTGGATAGAAAGTC,15,8,0.5683943212096988,2.1374846807626757,0.03255859040226563
chr17,57288082,A,C,0,ATCCCACTTGTTCCTTTGATATCACTTATGATCGAGTATTCAGAGCCCTGGATGGGCTGA,ATCCCACTTGTTCCTTTGATATCACTTATGCTCGAGTATTCAGAGCCCTGGATGGGCTGA,15,8,1.466219000435905,2.1815540835658176,0.029142458797913915
chrX,141571738,C,A,0,AAAAAAAAAGAAATACAGCATGTCAGTCCCCATCTCAGACTTACTGACTCAGAATCTGCA,AAAAAAAAAGAAATACAGCATGTCAGTCCCAATCTCAGACTTACTGACTCAGAATCTGCA,15,8,0.7692726451886056,3.0524331930709443,0.0022699425309390935
chr19,7655827,A,C,0,CTGGGACAGGAGCCGGGGCATGCGTCATCCACATCAGCACCTGTGCTCACACACACAGAC,CTGGGACAGGAGCCGGGGCATGCGTCATCCCCATCAGCACCTGTGCTCACACACACAGAC,15,8,-0.6656509474314616,-2.1812583397987932,0.029164313925329824
chr1,226353732,T,C,0,TATAAGAAAAAGAAACACAAAGAAAACAATTAGCACAGGCAAAATACATAATTTTCAGCA,TATAAGAAAAAGAAACACAAAGAAAACAATCAGCACAGGCAAAATACATAATTTTCAGCA,15,8,0.7237919201888763,1.9900909225274825,0.04658092058046439
chr19,42797955,G,A,0,TACTGGCAAGAAGGTGAAGGTGCGGCCCCCGCCCCTGAAGAAGACCTTTGACTCTGTGGA,TACTGGCAAGAAGGTGAAGGTGCGGCCCCCACCCCTGAAGAAGACCTTTGACTCTGTGGA,15,8,-0.7700090551827194,-2.0326055683677096,0.042092388487262135
chr9,5897516,G,T,0,GATTTATGCTTCATCATAATGTAGAACAATGTTTCAATGACAAAGTGGATTTGTCTATCT,GATTTATGCTTCATCATAATGTAGAACAATTTTTCAATGACAAAGTGGATTTGTCTATCT,15,8,-0.7987035706982155,-2.9274074043992973,0.0034180082195707545
chr3,106003277,A,T,0,ACTTTGGATTTTTGTGTTAGTGCTACAGAAAGTTGAGACTTTGGAGGAAGGAGGCAAGAC,ACTTTGGATTTTTGTGTTAGTGCTACAGAATGTTGAGACTTTGGAGGAAGGAGGCAAGAC,15,8,0.7326100122119322,2.1374520381590205,0.03256124274009122
chr5,147761566,C,T,0,TACGCCAAGTCTAAGGGTAGTTAAGAATAGCCTTGATATGCATAGCACCTTCTGCAGTTG,TACGCCAAGTCTAAGGGTAGTTAAGAATAGTCTTGATATGCATAGCACCTTCTGCAGTTG,15,8,-0.5141212687362658,-2.013391450596293,0.044073464309396335
chr15,98678077,C,T,0,ATTACCATTCTGGCCAGTCATGGTGAGTTACATAAATGTACTCAAGCTTCCAGGACTTAA,ATTACCATTCTGGCCAGTCATGGTGAGTTATATAAATGTACTCAAGCTTCCAGGACTTAA,15,8,-1.3405480654556614,-2.0280008815082935,0.042560158036880104
chr11,18380293,A,G,0,TGAGTCTTACCATGTGACAGACACTGGGATAACTCTTTTGCATACATCGTTTCATGTAAA,TGAGTCTTACCATGTGACAGACACTGGGATGACTCTTTTGCATACATCGTTTCATGTAAA,15,8,0.9501354109805786,2.909058431431914,0.0036251909758022284
chr5,55459932,A,C,0,AGCTTGAGACTCTGTCTCAAAACAAACAAAAAACAAACAAAAAATTCTATAAAATGATTA,AGCTTGAGACTCTGTCTCAAAACAAACAAACAACAAACAAAAAATTCTATAAAATGATTA,15,8,0.9784347097956118,1.9786659642593005,0.0478536274246208
chrX,142919452,A,G,0,ACACACACAGTAACAGGATTGCTGAATCAAATGGTATTTCTGTATTTATGTCTTTGAACA,ACACACACAGTAACAGGATTGCTGAATCAAGTGGTATTTCTGTATTTATGTCTTTGAACA,15,8,0.5299681772396172,2.17061157079778,0.02996054669433857
chr1,174988875,C,G,0,CTCACATTTTCACGGTGATAATTTACAGTTCTGACTGACAGGACAGGCAAAGGGAGTATA,CTCACATTTTCACGGTGATAATTTACAGTTGTGACTGACAGGACAGGCAAAGGGAGTATA,15,8,0.6679695062084181,2.3859221963011104,0.017036354874269934
chr8,72959391,T,A,0,ATGATGATAAAATAAACTTACATAATAGTCTCGGCAGGACTTGTCTTCTGTGGAATGCAA,ATGATGATAAAATAAACTTACATAATAGTCACGGCAGGACTTGTCTTCTGTGGAATGCAA,15,8,1.0874802023419996,2.086911578287341,0.036896128088594334
chr5,158555538,C,A,0,CGGGGAGGGAGGGGATGGGAGCAGCCTGGGCAACACCACCACAGACTCATGCTGTTCTTA,CGGGGAGGGAGGGGATGGGAGCAGCCTGGGAAACACCACCACAGACTCATGCTGTTCTTA,15,8,-0.6599848150365929,-2.0223913603448262,0.04313593691239778
chr17,34799376,G,A,0,CACACTCTCGACTTTCATCTGGGTCATGTGGGGGATGGGCTCGGTGTCACAGTGTCCTGC,CACACTCTCGACTTTCATCTGGGTCATGTGAGGGATGGGCTCGGTGTCACAGTGTCCTGC,15,8,-0.683108094322149,-2.0210378157982976,0.04327585063504525
chr5,140052360,C,G,0,GGCGAAGCCGCGGTTCAGGCCGCTGAAGGTCATCATCAGGCGGAACTCGTAGAGGCGGCC,GGCGAAGCCGCGGTTCAGGCCGCTGAAGGTGATCATCAGGCGGAACTCGTAGAGGCGGCC,15,8,-0.9971240204697327,-2.6037758484368325,0.009220303676806794
chr2,98382240,T,C,0,TCAGGTAAAGGATAGCTAAGTCAATACTTGTATAAGGCAAACAATTCTTTAGAAGATTAA,TCAGGTAAAGGATAGCTAAGTCAATACTTGCATAAGGCAAACAATTCTTTAGAAGATTAA,15,8,1.2770241488035579,4.010695519126353,6.0540142585043774e-05
chr20,44151947,C,A,0,ACTGGGACTAAGGTTTGGGTATTTATTCCCCATCTTCCTCTGGTTGTGTCTCCACAGTCT,ACTGGGACTAAGGTTTGGGTATTTATTCCCAATCTTCCTCTGGTTGTGTCTCCACAGTCT,15,8,0.9464030970709996,3.522137794959153,0.0004280815723916177
chr10,102293464,C,T,0,GTTTTTGATTCCTAATTCAATCTCTTGTTACAGGTCTATTCAGATTTTCCATTTCTTCTT,GTTTTTGATTCCTAATTCAATCTCTTGTTATAGGTCTATTCAGATTTTCCATTTCTTCTT,15,8,-0.7408257883990472,-2.221000384014528,0.026350935382547187
chr16,2802694,G,A,0,GGGGTGCGAGTGGCGCAGTTGGAGCCCGTTGCGGCCCCTGAGGAAGCGAGGAGGCGTCGG,GGGGTGCGAGTGGCGCAGTTGGAGCCCGTTACGGCCCCTGAGGAAGCGAGGAGGCGTCGG,15,8,-1.1467477426510904,-2.046068612265608,0.04074962061171265
chr22,34968158,T,C,0,AAGTTAGGATAAATTAATATCTTAATAATATTGCGTCGTCCAATTTATGAGCATGGAATA,AAGTTAGGATAAATTAATATCTTAATAATACTGCGTCGTCCAATTTATGAGCATGGAATA,15,8,-1.1200308245159847,-2.509695674212853,0.012083524833617134
chrX,72254390,C,T,0,TGGTGATATCCCCTTTATCATTTTTTATTGCGTCTATTTGATTCTTCTCTCTTTTCTTAT,TGGTGATATCCCCTTTATCATTTTTTATTGTGTCTATTTGATTCTTCTCTCTTTTCTTAT,15,8,-0.9054544016393282,-2.012475871266497,0.04416979768175379
